{"cameraMode":{"drawMode":0,"name":"Shaded","section":"Shading Mode"},"sceneLighting":true,"audioPlay":false,"sceneViewState":{"showFog":true,"showMaterialUpdate":false,"showSkybox":true,"showFlares":true,"showImageEffects":true,"showParticleSystems":true},"in2DMode":false,"pivot":{"x":0.17000001668930055,"y":2.421231269836426,"z":-0.1611543893814087},"rotation":{"x":-0.467359721660614,"y":-0.006101817358285189,"z":0.0032258599530905487,"w":-0.8840487599372864},"size":51.65510559082031,"orthographic":false}